"","BrandsAtDouglas"
"1","100BON"
"2","11 A Nutritheke"
"3","1902 Tradition"
"4","1o1 Barbers"
"5","21 Trans-Dermal"
"6","24Bottles"
"7","2K"
"8","3Deluxe"
"9","3LAB"
"10","4711"
"11","4711 Acqua Colonia"
"12","-417"
"13","#INNERBEAUTY"
"14","A. N. OTHER"
"15","a&o FEEL THE LIFE"
"16","A•TRUE"
"17","Abanta Pharma"
"18","ABC"
"19","Abercrombie & Fitch"
"20","abro"
"21","Absolument Parfumeur"
"22","Abtei"
"23","Académie"
"24","Acca Kappa"
"25","ACCENDIS"
"26","Acni Dr. by isoi"
"27","Acorelle"
"28","Acqua del Garda"
"29","Acqua Delle Langhe"
"30","ACQUA DI BAVIERA"
"31","Acqua di Parma"
"32","Acqua di Portofino"
"33","Acqua di Stresa"
"34","Activogland"
"35","ACTUM"
"36","Acurmin PLUS"
"37","Adana Pharma"
"38","Adax"
"39","Adelsberger"
"40","adidas Originals"
"41","Adler Pharma"
"42","Adonia"
"43","adorist."
"44","adpharm"
"45","adrexpharma"
"46","Advancis medical"
"47","Aeos"
"48","Aether"
"49","Aether Beauty"
"50","AEVOR"
"51","Affinessence"
"52","African gold"
"53","Afrolocke"
"54","After Spa"
"55","AHAVA"
"56","Aigner"
"57","Ailoria"
"58","Aimee de Mars"
"59","Airflair"
"60","Alaïa Paris"
"61","ALAVI"
"62","Alcina"
"63","Aldiamed"
"64","Aleavedis Naturprodukte"
"65","Alessandro"
"66","Alex Simone"
"67","Alexander McQueen"
"68","Alexander Weltecke"
"69","Alexandre de Paris"
"70","Alf Heller Switzerland"
"71","alkmene"
"72","All Tigers"
"73","allcura Naturheilmittel"
"74","Allgäuer Kräuterhaus"
"75","Allgäuer Latschenkiefer"
"76","Allies of Skin"
"77","ALLPHARM"
"78","Almased Wellness"
"79","ALMIRALL HERMAL"
"80","Alpecin"
"81","Alpha-H"
"82","alphabiol"
"83","Alsidiabet"
"84","Alsifemin"
"85","Alsiroyal"
"86","Alsitan"
"87","Alt-Innsbruck"
"88","Alterna"
"89","Alva Naturkosmetik"
"90","Alvarez Gomez"
"91","Alvito"
"92","Alyssa Ashley"
"93","Aman Prana"
"94","AMAZINGCOSMETICS"
"95","AMAZONAS Naturprodukte"
"96","Amazonliss"
"97","Ambrosium"
"98","AMEN"
"99","American Crew"
"100","American Tourister"
"101","Amicis"
"102","Aminoplus"
"103","Amitamin "
"104","Amly Botanicals"
"105","Amo Como Soy"
"106","amor"
"107","Amorelie"
"108","AMOSVITAL"
"109","Amouage"
"110","Ana Dyla"
"111","Anakena"
"112","Anastasia Beverly Hills"
"113","AND SHINE"
"114","Angela Caglia"
"115","Ania Haie"
"116","Ankermann"
"117","ANNA + NINA"
"118","Anna Paghera"
"119","Annayake"
"120","ANNEMARIE BÖRLIND"
"121","Annick Goutal"
"122","Anny"
"123","Anthony"
"124","Anti Bacter"
"125","antistax"
"126","apaCare"
"127","Apeiron"
"128","APO Team"
"129","apoday"
"130","Apoem"
"131","ApoFit"
"132","APOrtha"
"133","APOrtha Sports"
"134","Apot.Care"
"135","Apothecary 87"
"136","Apothekers Original	"
"137","APOZEN"
"138","Apricot"
"139","Aquis"
"140","Aramis"
"141","arbū"
"142","arcaya"
"143","Arcon"
"144","Ardell"
"145","Ardo medical"
"146","ARGAND'OR"
"147","Arganicare"
"148","Arganpur"
"149","ARI ANWA Skincare"
"150","Ariana Grande"
"151","Aries"
"152","Arion Jewelry"
"153","Aristo Pharma"
"154","Arktibiotic® "
"155","Armani"
"156","Armani Exchange"
"157","Aronal/Elmex"
"158","Arquiste"
"159","Art de Parfum"
"160","art‘gerecht"
"161","Artdeco"
"162","ArteGia"
"163","Artego"
"164","Artemis"
"165","ArteOlfatto"
"166","Arthro Balans"
"167","Articulac"
"168","Artis"
"169","ARTLIFT"
"170","Artwizz"
"171","ASAV"
"172","ASCONEX FORMENTERA"
"173","Aspecton"
"174","Astor"
"175","Astrid Twardy"
"176","Atack Control"
"177","Atkinsons"
"178","Aubrey Organics"
"179","Augustinus Bader"
"180","Aurea"
"181","Aurelia"
"182","AURICA Naturheilm.u.Naturwaren"
"183","Auxynhairol"
"184","Avant Skincare"
"185","AVE+EDAM"
"186","Aveda"
"187","Avène"
"188","Avitale"
"189","aviva pharm"
"190","Axisis"
"191","Ayer"
"192","Ayluna Naturkosmetik"
"193","Ayursana"
"194","AZETT"
"195","Azzaro"
"196","b.belt"
"197","B. Braun Melsungen"
"198","B FNKY"
"199","BABOR"
"200","Baby Foot"
"201","BaByliss"
"202","Bad Heilbrunner Naturheilm.&Co."
"203","Bad Weather"
"204","Badefee"
"205","Baders"
"206","Badger"
"207","Bakanasan"
"208","Bakel"
"209","Baldessarini"
"210","Baldini"
"211","Balenciaga"
"212","Ballistol"
"213","Balmyou"
"214","BALR."
"215","BANILA CO"
"216","Barbara Hofmann"
"217","Barbie"
"218","Bardot"
"219","bareMinerals"
"220","Barnängen"
"221","Barts"
"222","Basica"
"223","Batiste"
"224","Baxter of California"
"225","BBB London"
"226","Be on Me"
"227","Beachwaver"
"228","BEAR"
"229","Bears With Benefits"
"230","Beauty Bakerie"
"231","BEAUTY IS LIFE"
"232","Beauty Pearl"
"233","Beautybio"
"234","BECCA"
"235","beecraft"
"236","Béjar"
"237","Bekunis"
"238","Bell Hypo Allergenic"
"239","Bella Aura Skincare"
"240","bellapierre"
"241","Ben & Anna"
"242","Benamôr"
"243","Bencard Allergie"
"244","Bench."
"245","benecos"
"246","Benefit"
"247","Benton"
"248","Bepanthen"
"249","Berco-ARZNEIMITTEL"
"250","Berdoues"
"251","Bergland"
"252","Bering"
"253","BERTRAM|SANS"
"254","Betoretol"
"255","Bettina Barty"
"256","Bettwarenshop"
"257","Betty Barclay"
"258","Beyer's Oil"
"259","BeYu"
"260","Bi-Oil"
"261","Bijan"
"262","Bill Blass"
"263","Billy the Kid"
"264","Billy X Club"
"265","bilou"
"266","Binu Beauty"
"267","Bio Energo"
"268","Bio-H-Tin"
"269","BIO:VÉGANE SKINFOOD"
"270","Biobrush"
"271","BIOCYBERNETICS P"
"272","Bioderma"
"273","Bioenergy Healthcare"
"274","Biofrid"
"275","Biokanol Pharma"
"276","Biokosma"
"277","Biol.Präparate Dr.Groß"
"278","Biolage"
"279","Biolage R.A.W"
"280","Biolectra"
"281","Biologische Heilmittel Heel"
"282","BIOMARIS"
"283","Biomo Aktiv"
"284","biomo pharma"
"285","Bion"
"286","BioRepair"
"287","Bios Medical Services"
"288","BIOSILK"
"289","Biosolis"
"290","biosyn Arzneimittel"
"291","Biotène"
"292","Biotherm"
"293","Biotherm Homme"
"294","Biotulin"
"295","Bioturm"
"296","Bioventus Coörperatief U.A."
"297","Birkholz"
"298","BITTERMEDIZIN Arzneimittel-Vertriebs"
"299","BjökoVit Björn Kolbe"
"300","Björk & Berries"
"301","Blanche"
"302","Blauer"
"303","BLAX"
"304","Bleach London"
"305","blend-a-med"
"306","BLEND OUD"
"307","Blind Barber"
"308","Bliss"
"309","BLITHE"
"310","Blonde"
"311","Bloom & Blossom"
"312","Bloom & Wild"
"313","Bloxaphte"
"314","Blumarine"
"315","Blush"
"316","BLUSHHOUR"
"317","BMRVLS"
"318","BMW"
"319","Bobbi Brown"
"320","BOCCIA TITANIUM"
"321","Boellis 1924"
"322","Bogner"
"323","Boho Cosmetics"
"324","Bohoboco"
"325","Bois 1920"
"326","Bold Banana"
"327","BOMA Lecithin"
"328","Bombastus-Werke"
"329","Bon Parfumeur"
"330","Bond No. 9"
"331","Bondi Wash"
"332","BONYplus"
"333","Booming Bob"
"334","BORRELLI"
"335","Botarin"
"336","Bottega del Profumo"
"337","Bottega Veneta"
"338","Boucheron"
"339","Boulevard de Beauté"
"340","Bound Studios"
"341","Bransus"
"342","Braun"
"343","Braun Büffel"
"344","BREATH OF BERLIN"
"345","Bree"
"346","Bric's"
"347","Brillance"
"348","Brixton"
"349","Brooklyn Soap"
"350","Bruno Banani"
"351","Brut"
"352","Bubble 'T"
"353","Bübchen"
"354","Buddha to Buddha"
"355","Buer"
"356","Bugatti"
"357","Bullfrog"
"358","Bullrich"
"359","Bumble and bumble."
"360","BURBERRY"
"361","Burkely"
"362","Bürstenhaus Redecker"
"363","Burt's Bees"
"364","Burton Feingold"
"365","BUTLERS"
"366","Büttner-Frank"
"367","BUXOM"
"368","BVLGARI"
"369","By Rosie Jane"
"370","By Terry"
"371","By Wishtrend"
"372","byEloise"
"373","BYRD"
"374","BYREDO"
"375","ByYourRules."
"376","C.O. Bigelow"
"377","C!RCLY"
"378","Cabin Zero"
"379","Cacharel"
"380","Cadion AS"
"381","Caelo"
"382","caï"
"383","Calcimed"
"384","Calcipot"
"385","Calluna Medica"
"386","CALVIN KLEIN"
"387","camel active"
"388","Campomaggi"
"389","Canina pharma"
"390","Captain Fawcett's"
"391","Cardinal Health"
"392","care plus"
"393","Carine Roitfeld"
"394","Carner Barcelona"
"395","Carolin Stone"
"396","Carolina Herrera"
"397","CARON Paris"
"398","Carrera"
"399","carry"
"400","Carter Beauty Cosmetics"
"401","Cartier"
"402","Casa Zeta-Jones"
"403","Casida"
"404","Castle Forbes"
"405","Caterina Lucchi"
"406","Catrice"
"407","Cattier"
"408","Cawö"
"409","CB12"
"410","Cefacur"
"411","Cefasafra"
"412","Cefavit"
"413","Cefavora"
"414","Ceka"
"415","Celeb Luxury"
"416","Céline Cellier"
"417","Cellufine"
"418","Centrovision"
"419","Centrum"
"420","Cerascreen"
"421","CeraVe"
"422","Cerruti"
"423","Cervitec"
"424","Cetaphil"
"425","Cetebe"
"426","Chabo Bags"
"427","Chakrubs"
"428","CHANEL"
"429","Charlotte Meentzen"
"430","Charlotte Rhys"
"431","CHEPLAPHARM Arzneimittel"
"432","CHI"
"433","Chiara Ambra"
"434","Chiemsee"
"435","Chloé"
"436","Chlorhexamed"
"437","CHOBS"
"438","Chopard"
"439","CHRIST"
"440","Christian Faye"
"441","Christina Aguilera"
"442","Christophe Robin"
"443","Ciaté"
"444","Cilamour"
"445","Clarins"
"446","Clarisonic"
"447","Claudia May"
"448","Claus Porto"
"449","Cle Cosmetics"
"450","Clean Barber"
"451","Clean Reserve"
"452","Clearblue"
"453","Clinique"
"454","Clive Christian"
"455","Clubman Pinaud"
"456","CLUSE"
"457","Clynol"
"458","CMD Naturkosmetik"
"459","COACH"
"460","Coccinelle"
"461","Coco & Eve"
"462","CocoBaba by Emma Heming Willis"
"463","Codage"
"464","Code8"
"465","Collistar"
"466","Collosol"
"467","COLOR WOW"
"468","Colostrum BioTec"
"469","Colour Freedom"
"470","Coloured Raine"
"471","Comme des Garçons"
"472","Comodynes"
"473","Compagnia delle Indie"
"474","Compagnie de Provence"
"475","Comptoir Sud Pacifique"
"476","Continuum"
"477","Contour®"
"478","Converse"
"479","Coola"
"480","Coolife"
"481","Coolike-Regnery"
"482","CORAZUL"
"483","Cosmos"
"484","Cosrx"
"485","Costume National"
"486","Cowboysbag"
"487","Crazy Rumors"
"488","Creactive"
"489","Creed"
"490","Crickit"
"491","Cristiano Ronaldo"
"492","Cronenberg"
"493","Cult51"
"494","Curababy"
"495","Curaprox"
"496","Cutimed"
"497","Cuvital"
"498","Czech & Speake"
"499","d’Alba"
"500","d & n"
"501","D.R. Harris"
"502","Da Vinci"
"503","DADO SENS Dermacosmetics"
"504","Daimon Barber"
"505","Dakine"
"506","Dalan d’Olive"
"507","Dame"
"508","Daniel Sandler"
"509","Daniel Wellington"
"510","Dapper Dan"
"511","Darphin"
"512","David Beckham"
"513","David Jourquin"
"514","David Mallett"
"515","Davidoff"
"516","Dax"
"517","Daylong"
"518","Daytox"
"519","DE-ELG"
"520","De Mamiel"
"521","Dear Dahlia"
"522","Dear Klairs"
"523","DEAR ROSE"
"524","Debora"
"525","Deborah Lippmann"
"526","Declaré"
"527","Decléor"
"528","Dedrei"
"529","Dee Ocleppo"
"530","Degree Clothing"
"531","Delsey"
"532","Denk Pharma"
"533","Dent-o-care Dentalvertriebs"
"534","Dentagard"
"535","dentinox"
"536","Dentognostics"
"537","Derek Lam"
"538","Dermacolor"
"539","Dermaflash"
"540","Dermalogica"
"541","Dermalstyle"
"542","Dermarché Labs"
"543","Dermaroller"
"544","Dermasence"
"545","Dermata"
"546","Dermatologic Cosmetic Lab"
"547","Dermifant"
"548","Desen Europe"
"549","Desigual"
"550","Desinas"
"551","DESMA"
"552","Dessange"
"553","Deuter"
"554","Dewytree"
"555","DIA-ORTHIM"
"556","DIADEM"
"557","DIADERMINE"
"558","Diamancel"
"559","DIAMORE"
"560","Diana Vreeland"
"561","Diego dalla Palma"
"562","Diesel"
"563","Dingy Rhythm Of The Rain"
"564","DinoPharm"
"565","DIOR"
"566","DIOR BACKSTAGE"
"567","Diptyque"
"568","Disney"
"569","Distrisan"
"570","Divaderme"
"571","DKNY"
"572","DNA4YOU"
"573","Doctor Duve Medical"
"574","Doctor Eckstein"
"575","Doers of London"
"576","Dolce&Gabbana"
"577","Dolobene"
"578","Doppelherz"
"579","Doughnut"
"580","Douglas Accessoires"
"581","Douglas Collection"
"582","DOVO MERKUR Solingen"
"583","DR"
"584","Dr.B.Scheffler Nachf."
"585","Dr. Barbara Sturm"
"586","Dr. Böhm ®"
"587","Dr Botanicals"
"588","Dr. Bronner's"
"589","Dr. Demuth"
"590","Dr Dennis Gross"
"591","Dr. Dewin"
"592","Dr.Dmar Lohmann pharma + medical"
"593","dr.falcon"
"594","Dr. Fleckenstein"
"595","Dr. Förster"
"596","Dr. Gottschalk Nahrungsmittel"
"597","Dr. Hauck"
"598","Dr. Hauschka"
"599","Dr. Ivert"
"600","Dr.Jacobs Medical"
"601","Dr. Jart+"
"602","Dr. Junghans Medical GmbH"
"603","Dr. K Soap Company"
"604","DR. KADE Pharmazeutische Fabrik"
"605","Dr. Koll Biopharm"
"606","Dr. Loges + Co."
"607","Dr.Metz"
"608","Dr. Muche"
"609","Dr. Niedermaier"
"610","Dr. Niedermaier natural luxury"
"611","Dr. Pandalis"
"612","Dr. Pfleger Arzneimittel"
"613","Dr.Rudolf Liebe Nachf."
"614","Dr. Russo"
"615","Dr. Scheller"
"616","Dr. Sea"
"617","Dr. Severin®"
"618","Dr. Susanne von Schmiedeberg"
"619","Dr. Theiss Naturwaren"
"620","Dr. Wolz Zell"
"621","DreiMaster"
"622","DreiMaster Klassik"
"623","DreiMaster Maritim"
"624","DreiMaster Vintage"
"625","Dreluso-Pharmazeutika Dr.Elten & Sohn"
"626","DrGL"
"627","DROSSAPHARM"
"628","Droste Laux"
"629","Drunk Elephant"
"630","DS-Pharmit"
"631","Dsquared2"
"632","Duft&Doft"
"633","Dunhill"
"634","Dunlop"
"635","Durex"
"636","Duschbrocken"
"637","Dyson"
"638","E. Coudray"
"639","e.l.f. Cosmetics"
"640","Eagle Eye"
"641","Eastpak"
"642","EASTSIDE"
"643","Eau de Mars"
"644","EB"
"645","EBENHOLZ Skincare"
"646","Echt Sylter Brisen Klömbjes"
"647","Echtrosept"
"648","Eco Cosmetics"
"649","ecodenta"
"650","Ecooking"
"651","Ed Hardy"
"652","edding"
"653","Edel Naturwaren"
"654","Edel+white"
"655","EDER Health Nutrition"
"656","Edward Bess"
"657","EDWIN JAGGER"
"658","Efalock Professional"
"659","EFASIT"
"660","Egyptian Magic"
"661","EIGHT & BOB"
"662","Eisenberg"
"663","Elasten"
"664","Elchim"
"665","Elegant Touch"
"666","ELEMIS"
"667","Elenatura"
"668","Elevit®"
"669","Eliah Sahil"
"670","Elie Saab"
"671","Elixr"
"672","Elizabeta Zefi"
"673","Elizabeth Arden"
"674","Elizabeth Taylor"
"675","Ellafem"
"676","Elle"
"677","Elli"
"678","Elli PREMIUM"
"679","Elmex"
"680","Elvie"
"681","Em eukal"
"682","Emanuel Ungaro"
"683","Emilio Pucci"
"684","Emily & Noah"
"685","Emma Hardie"
"686","Emma & Kelly"
"687","Emmi Ultrasonic"
"688","Emporio Armani"
"689","ENDIMA Vertriebsgesellschaft mbH"
"690","Engelhard Arzneimittel"
"691","Engelsrufer"
"692","English Laundry"
"693","ENRICOGI"
"694","Enrique Iglesias"
"695","Ensbona"
"696","Enzborn"
"697","Enzymax"
"698","eos"
"699","EPI-3 Healthcare"
"700","Epic"
"701","Equi London"
"702","ERBE"
"703","ERBORIAN"
"704","Ermanno Scervino"
"705","Ermenegildo Zegna"
"706","Erno Laszlo"
"707","Escada"
"708","Eslabondexx"
"709","ESM WellCARE"
"710","Espara"
"711","Esprit"
"712","Esquire"
"713","Essence"
"714","Essential Parfums"
"715","Essenza Home"
"716","essie"
"717","Esteban"
"718","Estée Lauder"
"719","Estelle & Thild"
"720","Estromineral"
"721","Etro"
"722","Eubiona"
"723","Eucerin"
"724","Eunova"
"725","EurimPharm Arzneimittel"
"726","Evina"
"727","Evita"
"728","Evody"
"729","Evolis Professional"
"730","Evolve Organic Beauty"
"731","Exeltis"
"732","Eyeko"
"733","EyeMedica"
"734","Eylure"
"735","Fable & Mane"
"736","Fabrizio"
"737","FACE HALO"
"738","Face Love"
"739","FACEEZ"
"740","Facevolution"
"741","Faconnable"
"742","Fagorutin"
"743","faina"
"744","Fair Squared"
"745","Fanola"
"746","Fantasia"
"747","Farfalla"
"748","Fatboy"
"749","FAVS"
"750","FBK-Pharma"
"751","FEATHER"
"752","FELIPA"
"753","Femannose"
"754","Femibion"
"755","Femtest"
"756","Fertilovit"
"757","fì-ne"
"758","Fidia Pharma"
"759","Filorga"
"760","Finigrana"
"761","Fiorelli"
"762","fitbit"
"763","Fitne Health Care"
"764","Fjällräven"
"765","Floid"
"766","Floradix"
"767","Florascent"
"768","Florence By Mills"
"769","Floris London"
"770","Flormar"
"771","Flosa Balance"
"772","Flügge"
"773","FOAMIE"
"774","Folio"
"775","Folly Fire"
"776","Folplus"
"777","Fontapharm"
"778","FOREO"
"779","Formoline"
"780","Förster's"
"781","Forum Vita"
"782","Forvert"
"783","Fossil"
"784","Francesca dell'Oro"
"785","Franky"
"786","Frapin"
"787","FREDsBRUDER"
"788","Frei Öl®"
"789","French Girl"
"790","Fresenius Kabi"
"791","Fresh Therapies"
"792","Fritzi aus Preußen"
"793","Frohnatur"
"794","Fron"
"795","frottana"
"796","Froximun"
"797","frubiase"
"798","Frudia"
"799","Furla"
"800","Gøld's"
"801","G & M Naturwaren Import"
"802","GA.MA Professional"
"803","Gabol"
"804","Gabor"
"805","Gabriela Sabatini"
"806","Gabs"
"807","Gainsboro"
"808","Gallazzo"
"809","Gallivant"
"810","Gant"
"811","Garmin"
"812","Garnier"
"813","Gas Bijoux"
"814","Gegengift"
"815","Gemdor"
"816","Gemshine"
"817","Gengigel"
"818","Gentlehead"
"819","Geo. F. Trumper"
"820","Geoffrey Beene"
"821","GEORG MITT"
"822","George Gina & Lucy"
"823","Germaine de Capuccini"
"824","Gerry Weber"
"825","Gesund & Fit"
"826","ghd"
"827","Gianfranco Ferre"
"828","Giannini"
"829","Gillette"
"830","Gillette Venus"
"831","Giorgio Beverly Hills"
"832","Giorgio Martello Milano"
"833","Girl Smells"
"834","Gisada"
"835","Gitano"
"836","GIVE BACK Cosmetics"
"837","Givenchy"
"838","Glam's"
"839","Glamcor"
"840","Glamfume"
"841","Glamglow"
"842","Glanzstücke München"
"843","glimyu"
"844","GLISS KUR"
"845","Glossworks"
"846","GLOV"
"847","Glow Recipe"
"848","GMK Collection"
"849","GMK TIMES"
"850","GNTM"
"851","Go Travel"
"852","GOGO Dent"
"853","Golconda"
"854","Gold Haircare"
"855","Gold of Morocco"
"856","Golddachs"
"857","Golden Beards"
"858","Golden Curl"
"859","Golden Head"
"860","Goldfield & Banks"
"861","Goldwell"
"862","Goldwell Kerasilk"
"863","Gosh Copenhagen"
"864","got2b"
"865","Gothaplast"
"866","GP Nutrition"
"867","grace grand spa"
"868","Green + The Gent"
"869","green Valley Naturprodukte"
"870","Greenburry"
"871","Greenland"
"872","Grethers"
"873","GRITTI"
"874","Groen"
"875","Grow Gorgeous"
"876","Grown Alchemist"
"877","GRUMS"
"878","Grüner Pharmavertrieb"
"879","Grünspecht Naturprodukte"
"880","GSE"
"881","Gucci"
"882","Guerlain"
"883","Guess"
"884","Guess Marciano"
"885","Guido Maria Kretschmer"
"886","Guilia"
"887","Guinot"
"888","Güldenmoor"
"889","GUM"
"890","Guudcure"
"891","Guy Laroche"
"892","H&S Tee - Gesellschaft"
"893","Haas Parfum"
"894","HABEL Getreideflocken"
"895","Habitum Pharma"
"896","Haglöfs"
"897","Hair Doctor"
"898","HAIR RITUEL by Sisley"
"899","Hairways"
"900","Halita"
"901","Halloween"
"902","Halston"
"903","Hampton Sun"
"904","HANADI BEAUTY"
"905","Hands on Veggies"
"906","HANOSAN"
"907","Hans Baier Exclusive"
"908","Hans Karrer"
"909","Hans Kniebes"
"910","Hanz de Fuko"
"911","Happy Rain"
"912","HARDWELL"
"913","Harley Davidson"
"914","Harold's"
"915","HARRAS-PHARMA-CURARINA"
"916","Hatland"
"917","Hausfelder Manufaktur"
"918","HAUTz"
"919","Hawaiian Tropic"
"920","HAYARI"
"921","Health Care Products"
"922","HECH"
"923","Hecht-Pharma"
"924","Hedgren"
"925","Heidelberger Chlorella"
"926","Heidelbergers"
"927","Heimat"
"928","Heimish"
"929","Heinrich Barth"
"930","Heinrich Klenk"
"931","Heirol Kosmetik F. Wermescher"
"932","Helena Rubinstein"
"933","Helene Fischer"
"934","Heliotrop"
"935","Helly Hansen"
"936","Hennig Arzneimittel"
"937","HENRY LAMOTTE OILS"
"938","Her Pharma"
"939","Herbal Dynamics Beauty ®"
"940","Herbivore"
"941","HERBLIZ"
"942","Hercules Sägemann"
"943","HERMÈS"
"944","HERMES Arzneimittel"
"945","Herome Cosmetics"
"946","Herschel"
"947","Hersip"
"948","Herzlack"
"949","Hevert Arzneimittel"
"950","Hexal"
"951","Hey Honey"
"952","HH Simonsen"
"953","High Beauty"
"954","Hildegard Braukmann"
"955","Hipi Faible"
"956","HiPP"
"957","Hirundo Products"
"958","Histoire De Parfums"
"959","Ho Karan"
"960","HoliFrog"
"961","Holika Holika"
"962","Holistic Silk"
"963","Hollister"
"964","HOLLYWOOD SKIN"
"965","Homöopathisches Laboratorium Alexander Pflüger"
"966","Honest Beauty"
"967","Horst Kirchberger"
"968","HOUBIGANT"
"969","Hourglass"
"970","HOYER"
"971","Hübner Naturarzneimittel"
"972","Hugh Parsons"
"973","Hugo Boss"
"974","Huile des Princesses"
"975","HUM Nutrition"
"976","Humantis"
"977","Hurraw"
"978","Huxley"
"979","Hydrophil"
"980","Hyggee"
"981","Hylamide"
"982","Hylo-Vision"
"983","hylodent"
"984","hypo-A"
"985","I’m From"
"986","I.Ma.Gi.N. Jewels"
"987","I Profumi di d´Annunzio"
"988","I WANT YOU NAKED"
"989","IBONS®"
"990","Ice Watch"
"991","ICON"
"992","ICONIC LONDON"
"993","ID Hair"
"994","IDC"
"995","Idunn Naturprodukte"
"996","IHLE Nahrungsergänzungen"
"997","Ihrlich Kräuter + Kosmetik"
"998","IKEMIAN"
"999","ikoo"
"1000","IKOS"
"1001","Il Profumo"
"1002","Ilia"
"1003","ILK"
"1004","ilon"
"1005","ilpharma"
"1006","Imedeen"
"1007","IMOPHARM"
"1008","IMP International Medical Products"
"1009","Imperial"
"1010","IMstam healthcare"
"1011","Inari"
"1012","Inbiotys alflorex"
"1013","Indie Lee"
"1014","INFECTOPHARM Arzn.u.Consilium"
"1015","Inglot"
"1016","Ingrid Millet"
"1017","INJU "
"1018","Inkosmia & Cie."
"1019","Innovall"
"1020","InnovaVital"
"1021","Inresa Arzneimittel"
"1022","INTERCELL-Pharma"
"1023","interprox"
"1024","Invisibobble"
"1025","INVOGUE"
"1026","INYATI"
"1027","Inzelloval"
"1028","ipuro"
"1029","Irisch Moos"
"1030","Iroha"
"1031","Isabel Bernard"
"1032","Isabey"
"1033","Isabey Paris"
"1034","Isadora"
"1035","ISAR PHARM"
"1036","ISDIN"
"1037","ishga"
"1038","Isle of Paradise"
"1039","Isntree"
"1040","isoi"
"1041","Issey Miyake"
"1042","IT Cosmetics"
"1043","It's Skin"
"1044","iUnik"
"1045","Ivoclar Vivadent"
"1046","IvyBears ®"
"1047","IZIA"
"1048","J.One"
"1049","JAB biopharma"
"1050","Jack Black"
"1051","Jack Wolfskin"
"1052","JACKS Beauty Line"
"1053","JACOB JENSEN"
"1054","Jacomo"
"1055","Jacques Charrel"
"1056","JACQUES FATH"
"1057","Jacques Zolty"
"1058","Jaguar"
"1059","Jamelli"
"1060","James Bond 007"
"1061","James Read"
"1062","Janus Medica"
"1063","Jao Brand"
"1064","Jardin Bohème"
"1065","JARDIN DE FRANCE"
"1066","Jean-Charles Brosseau"
"1067","Jean Couturier"
"1068","Jean d'Aveze"
"1069","Jean-Louis Scherrer"
"1070","Jean-Michel Duriez"
"1071","Jean Patou"
"1072","Jean Paul Gaultier"
"1073","Jeanne Piaubert"
"1074","Jeffree Star Cosmetics"
"1075","Jesus del Pozo"
"1076","Jette"
"1077","JETTE UHR"
"1078","Jil Sander"
"1079","Jimmy Choo"
"1080","Jo Malone London"
"1081","Johanna Straub Cosmetics"
"1082","John Frieda"
"1083","John Varvatos"
"1084","Johnny's Chop"
"1085","Joico"
"1086","jolu Naturkosmetik"
"1087","JOOP!"
"1088","Joop! Jeans"
"1089","JorgObé Skin Care"
"1090","Josef Mack &Co."
"1091","Jost"
"1092","Jouer"
"1093","Jovan"
"1094","Jovita Pharma"
"1095","JP Company"
"1096","Juice Beauty"
"1097","Juicy Couture"
"1098","Juliette Has a Gun"
"1099","Jump"
"1100","Juvena"
"1101","Kahina Giving Beauty"
"1102","Kai"
"1103","Kai Beauty Care"
"1104","KANEBO"
"1105","KaRazym"
"1106","Karen Low"
"1107","Karex"
"1108","Karl Lagerfeld"
"1109","Karo Pharma"
"1110","Kasho Styling by Jorge Gonzáles"
"1111","Kastenbein & Bosch"
"1112","Kate Spade"
"1113","Kattwiga Arzneimittel"
"1114","Katy Perry"
"1115","Kaufmann"
"1116","Kaviar Gauche"
"1117","Kaymogyn"
"1118","Keiko Mecheri"
"1119","Keltican"
"1120","KENT."
"1121","KENZO"
"1122","Keraphlex"
"1123","Kérastase"
"1124","KERBHOLZ"
"1125","Kerzenfarm Hahn"
"1126","Kester Black"
"1127","Kevyn Aucoin"
"1128","Keykeepa"
"1129","Khadi Naturkosmetik"
"1130","Khiao"
"1131","Kia-Charlotta"
"1132","Kiehl’s"
"1133","Kijimea"
"1134","King Research"
"1135","Kipling"
"1136","Kis Keratin Infusion System"
"1137","Kiton"
"1138","Kjaer Weis"
"1139","Klar Seifen"
"1140","Klarskin"
"1141","KLONDIKE 1896"
"1142","Klorane"
"1143","Klosterfrau"
"1144","KMS"
"1145","Kneipp"
"1146","Knirps"
"1147","Knize"
"1148","Knomo"
"1149","Kocostar"
"1150","KOH"
"1151","Köhler Pharma"
"1152","Komono"
"1153","Konjac Sponge"
"1154","KONPLOTT"
"1155","KORA Organics"
"1156","Korloff"
"1157","KORRES"
"1158","KOSÉ Cell Radiance"
"1159","Koshikira"
"1160","Kostkamm"
"1161","KOZHYA"
"1162","Kranich Pharma"
"1163","Kristel Saint Martin"
"1164","Kristin Ess"
"1165","Kryolan"
"1166","Kukis"
"1167","KUZZOI"
"1168","Kyberg Pharma"
"1169","KYLIE SKIN"
"1170","Kypris"
"1171","KyraMed Biomol Naturprodukte"
"1172","Kytta"
"1173","L:A BRUKET"
"1174","L-Complex"
"1175","L.CREDI"
"1176","L'Eaundry"
"1177","L.O.V"
"1178","L’Occitane"
"1179","L`Oreal"
"1180","L´Oréal Men Expert"
"1181","L´Oréal Paris"
"1182","L´Oréal Professionnel"
"1183","La Bruket"
"1184","La Clé"
"1185","La Martina"
"1186","La Mer"
"1187","La Prairie"
"1188","La Roche-Posay"
"1189","La Vivana"
"1190","Laauw"
"1191","LAB Series"
"1192","Lab Series For Men"
"1193","Lab to Beauty"
"1194","Label.M"
"1195","Laboklinika"
"1196","Laboratoires de Biaritz"
"1197","Laboratory Perfumes"
"1198","Lacalut"
"1199","Lacoste"
"1200","Lactibian"
"1201","Lactisol"
"1202","Ladival"
"1203","LaDot"
"1204","Lady Green"
"1205","Lady Suite"
"1206","Laila Hamidi"
"1207","Lakmé"
"1208","Lakshmi"
"1209","Laktonova"
"1210","Lalique"
"1211","Laluk"
"1212","Lamaseo"
"1213","Lamazuna"
"1214","LaNature"
"1215","Lancaster"
"1216","Lancaster Paris"
"1217","Lancer"
"1218","Lancôme"
"1219","Laneige"
"1220","Langer vital"
"1221","Lano"
"1222","LANOE"
"1223","LANS Derma"
"1224","Lansinoh Laboratories"
"1225","Lanvin"
"1226","Lanza"
"1227","Laryngsan"
"1228","Lash Pop"
"1229","Lashfood"
"1230","LaSplash"
"1231","Laura Biagiotti"
"1232","Laura Mercier"
"1233","LAURENT MAZZONE"
"1234","LAVAY Paris"
"1235","lavera"
"1236","Laves-Arzneimittel"
"1237","Layenberger Nutrition Group"
"1238","LCN"
"1239","LE BAIGNEUR"
"1240","Le Couvent Maison De Parfum"
"1241","LE GALION"
"1242","Le Specs"
"1243","Lebon"
"1244","Ledibelle"
"1245","Lee Stafford"
"1246","lege artis Pharma"
"1247","Legology"
"1248","Lele Sadoughi"
"1249","Lemon Pharma"
"1250","Lengling Munich"
"1251","Leonard"
"1252","Leonardo"
"1253","Leonhard Heyden"
"1254","Leonor Greyl"
"1255","Lesquendieu"
"1256","Lethal Cosmetics"
"1257","LETI Pharma"
"1258","Leukoplast"
"1259","LEYH-PHARMA"
"1260","LI-IL"
"1261","Lia"
"1262","Liebeskind"
"1263","Lierac"
"1264","LIFT AND ROLL®"
"1265","Lightpak"
"1266","Lilah B."
"1267","Lilly Lashes"
"1268","Lily Lolo"
"1269","Lime Crime"
"1270","LINARI"
"1271","Lindberg & Sons "
"1272","Linola"
"1273","Lioba"
"1274","Lipfein"
"1275","Lipstick Queen"
"1276","Lipure"
"1277","Liquides Imaginaires"
"1278","Listerine"
"1279","Litozin"
"1280","Little Butterfly London"
"1281","Liu Jo"
"1282","Living Proof"
"1283","LIW"
"1284","Lixirskin"
"1285","Loewe"
"1286","Loft by Monaco"
"1287","Logona"
"1288","LOMAPHARM"
"1289","Londa Professional"
"1290","Londontown"
"1291","Look to go"
"1292","LOOKS by Wolfgang Joop"
"1293","Lord & Berry"
"1294","LORENZO VILLORESI"
"1295","Louis Widmer"
"1296","Love Moschino"
"1297","Love Rose Cosmetics"
"1298","Love & Stones"
"1299","Löwengrip"
"1300","Lubana"
"1301","Lubexxx"
"1302","Lucien Ortscheit"
"1303","LUCKY TIGER"
"1304","LUÉ by Jean Seo"
"1305","Luigi Merano"
"1306","Luke + Lilly"
"1307","Luminox"
"1308","Lumovit"
"1309","Luna Bronze"
"1310","Lunar Glow"
"1311","Lune Group"
"1312","Lutax"
"1313","Lutynol"
"1314","Luvia"
"1315","Luvos Heilerde"
"1316","Luvos Naturkosmetik"
"1317","Luxie"
"1318","Lysi-Herp"
"1319","M2 Beauté"
"1320","M.Micallef"
"1321","Ma'dor"
"1322","MAC"
"1323","Macadamia"
"1324","Macusan"
"1325","MADENA"
"1326","MAGICSTRIPES"
"1327","Magnesium-Diasporal"
"1328","Magnetrans"
"1329","Maharishi Ayurveda"
"1330","Maison Francis Kurkdjian Paris"
"1331","Maison Margiela"
"1332","Maître"
"1333","MakeUp Eraser"
"1334","Malin+Goetz"
"1335","MAM Babyartikel"
"1336","mama natura"
"1337","Mamilan"
"1338","Mamivac"
"1339","Mammut"
"1340","Mammut Pharma"
"1341","Manasi 7"
"1342","MANCAVE"
"1343","Mandarina Duck"
"1344","MANETIK"
"1345","Manhattan"
"1346","Manish Arora"
"1347","Männerglanz"
"1348","mano"
"1349","Manuka Doctor"
"1350","Manuka Health"
"1351","Marbert"
"1352","marc booten"
"1353","Marc Inbane"
"1354","Marc Jacobs"
"1355","Marc O'Polo"
"1356","MarcCain"
"1357","Marcelle Dormoy"
"1358","March15 Trading"
"1359","Marckyrl Pharma"
"1360","MARCOCCIA PROFUMI"
"1361","Margaret Dabbs"
"1362","Maria Nila"
"1363","Marie W."
"1364","Mario Badescu"
"1365","Mark Warnecke"
"1366","Marlies Möller"
"1367","Martina Gebhardt Naturkosmetik"
"1368","Marvel"
"1369","Marvis"
"1370","Masakï Matsushïma"
"1371","MASC by Jeff Chastain"
"1372","Maserati"
"1373","Masque Me Up"
"1374","Matica Cosmetics"
"1375","Matrix"
"1376","Mats Meier"
"1377","Mauboussin"
"1378","Maui"
"1379","Mavala"
"1380","Mave New York"
"1381","Mavior Beauty"
"1382","Max Factor"
"1383","Max Mara"
"1384","Max Pro"
"1385","May Sparkle"
"1386","Maybelline"
"1387","MBR Medical Beauty Research"
"1388","Med Pharma Service"
"1389","Medavita"
"1390","MEDELA"
"1391","medesign I. C."
"1392","MEDICE Arzneimittel Pütter &Co."
"1393","Medicom Pharma"
"1394","medil Gesundheitsgesellschaft mbH"
"1395","medipharma Cosmetics"
"1396","Medipop"
"1397","Meditao"
"1398","MediVital Concept"
"1399","medphano Arzneimittel"
"1400","MeDusch"
"1401","MedVec international"
"1402","Megadent Deflogrip Gerhard Reeg"
"1403","Megamax"
"1404","Melasan"
"1405","mellow NOIR"
"1406","Melody Lashes"
"1407","MEMO"
"1408","Memoize London"
"1409","Men Perfect"
"1410","men-ü"
"1411","MensSana"
"1412","Mercedes-Benz"
"1413","MERCEDES-BENZ PARFUMS"
"1414","meridol"
"1415","merosan"
"1416","Mesauda Milano"
"1417","Mexx"
"1418","mey"
"1419","Miabelle"
"1420","MIBE Arzneimittel"
"1421","MICARAA"
"1422","Michael Kors"
"1423","Michael Michalsky"
"1424","Michael Van Clarke"
"1425","Micmacbags"
"1426","Microcell"
"1427","Microflorana"
"1428","Migravent"
"1429","Miild"
"1430","Mika"
"1431","Milani"
"1432","Milk_Shake"
"1433","Miller Harris"
"1434","MIMITIKA"
"1435","MineTan"
"1436","Mint by Dr. Mintcheva"
"1437","Miqura"
"1438","Miradent"
"1439","Miro"
"1440","Miss Ével"
"1441","Miss Sophie"
"1442","Missha"
"1443","Misslyn"
"1444","Missoni"
"1445","Miu Miu"
"1446","Mixa"
"1447","Mizon"
"1448","Mo"
"1449","Models Own"
"1450","MOHI Hair Care"
"1451","mokosh"
"1452","Molinard"
"1453","Molton Brown"
"1454","Montana"
"1455","Montblanc"
"1456","Monteil"
"1457","Montgomery"
"1458","Moodpiece"
"1459","Mootes"
"1460","More&More"
"1461","Moresque"
"1462","MORGAN TAYLOR"
"1463","Moroccanoil"
"1464","Morphe"
"1465","Moschino"
"1466","Motherlove"
"1467","Möve"
"1468","Mowivit"
"1469","Mr. Bear Family"
"1470","MR NATTY"
"1471","Mr. Petrasch Chem. Pharm. Fabrik"
"1472","MSB Medical Spirit of Beauty"
"1473","MSE Pharmazeutika"
"1474","MUGLER"
"1475","Mühle"
"1476","muk Haircare"
"1477","Mukti Organics"
"1478","Mulgatol"
"1479","Multiplasan"
"1480","MURAD"
"1481","Murdock London"
"1482","MURNAUER MARKENVERTRIEB"
"1483","Musgo Real"
"1484","MVMT"
"1485","My Beauty Light"
"1486","My White Secret"
"1487","Mykoletal System"
"1488","Mylan Healthcare"
"1489","myMo"
"1490","myMo at night"
"1491","myMo ATHLSR"
"1492","myMo NOW"
"1493","myMo ROCKS"
"1494","MYOMY"
"1495","myRapunzel"
"1496","Mywalit"
"1497","MZ SKIN"
"1498","N.A.E."
"1499","N.C.P. Olfactives"
"1500","Nablus Soap"
"1501","Nahla Jewels"
"1502","Naif"
"1503","Nailberry"
"1504","NAILD"
"1505","Nailmatic"
"1506","Nails inc"
"1507","Najel"
"1508","Namaki"
"1509","Nanshy"
"1510","Naobay"
"1511","Naomi Campbell"
"1512","Narciso Rodriguez"
"1513","NARS"
"1514","natuko Versand"
"1515","Natura Siberica"
"1516","NaturaFit"
"1517","Naturalsophy"
"1518","Nature Box"
"1519","Naturmädchen"
"1520","Naturprodukte Schwarz"
"1521","Nazan Schnapp"
"1522","NCM Nahrungsergänzung Naturcos."
"1523","Neatly"
"1524","Nelsons"
"1525","Nenalina"
"1526","Nenedent"
"1527","NEO Make Up"
"1528","Neobio"
"1529","Neogen"
"1530","NEOM ORGANICS"
"1531","NeoNail"
"1532","NeoStrata"
"1533","NEOVI"
"1534","Nepali Gardens"
"1535","NEQI"
"1536","Nergon"
"1537","Nesti Dante Firenze"
"1538","Nestle Health Science"
"1539","NESTMANN Pharma"
"1540","neuraxpharm Arzneimittel"
"1541","Neuro-orthim"
"1542","Neutrea 5% Urea"
"1543","NEW LAYER"
"1544","NEW NORDIC"
"1545","NICApur"
"1546","Nicka K"
"1547","Nike Gaze"
"1548","Nike Poise"
"1549","NIKEL"
"1550","Nikos"
"1551","Nina Ricci"
"1552","Niod"
"1553","Nion Beauty"
"1554","Nioxin"
"1555","Nip + Fab"
"1556","NITRO"
"1557","Nivea"
"1558","Nixon"
"1559","Niyok"
"1560","nobopharm Pharmahandel"
"1561","NOELANI"
"1562","nom"
"1563","Nonchalance"
"1564","Nordic Cosmetics"
"1565","Norgine"
"1566","Normann Copenhagen"
"1567","Note"
"1568","NOWAK"
"1569","NOWI"
"1570","Nude by Nature"
"1571","Nudestix"
"1572","NuFace"
"1573","Nui Cosmetics"
"1574","NUK"
"1575","Nuori"
"1576","nutree"
"1577","Nutricia"
"1578","nutrimmun"
"1579","Nuvo"
"1580","Nuxe"
"1581","NUY LAEL"
"1582","NYX Professional Makeup"
"1583","NYZE"
"1584","OAK"
"1585","Oakland"
"1586","Oakley"
"1587","Ocean Pharma"
"1588","Oceanwell"
"1589","Octenisan"
"1590","ocuvite"
"1591","Odin"
"1592","Odol"
"1593","OFFICINE DEL PROFUMO"
"1594","Ogaenics"
"1595","Oh K!"
"1596","Oilily"
"1597","OJESH"
"1598","Olaf Stein"
"1599","Olaplex"
"1600","Olbas"
"1601","Old Spice"
"1602","OLFACTIVE STUDIO"
"1603","Olibere Paris"
"1604","Olio E Osso"
"1605","Oliveda"
"1606","Olivia Burton"
"1607","Olivia & Co"
"1608","Olivia Klein"
"1609","Oma Getrude"
"1610","Omega Pharma"
"1611","OMG!"
"1612","ONE DROP ONLY Chem.-pharm. Vertr."
"1613","One Eleven"
"1614","one.two.free!"
"1615","Onyrico"
"1616","Oona"
"1617","OOZOO"
"1618","OPI"
"1619","OptiFibre"
"1620","Oral-B"
"1621","Orbimed"
"1622","Orbitkey"
"1623","Orelia"
"1624","Organic & Botanic"
"1625","OrganiCup"
"1626","Origani"
"1627","Origins"
"1628","ORLOV"
"1629","ORMED"
"1630","Ormonde Jane"
"1631","Orskov"
"1632","Orthim"
"1633","Ortho Expert"
"1634","ORTHOBASE"
"1635","OrthoDoc"
"1636","Oscar De La Renta"
"1637","OSKAR"
"1638","Oskia"
"1639","Ostenil"
"1640","Otto Kern"
"1641","Ottoman"
"1642","Ouai"
"1643","oxano® "
"1644","oxmox"
"1645","OxyLyc"
"1646","OZONE GOLD"
"1647","P D Paola"
"1648","P.M.C. Care"
"1649","Paco Rabanne"
"1650","Pacsafe"
"1651","Pädia"
"1652","Paesel + Lorei"
"1653","Paglieri 1876"
"1654","Panasonic"
"1655","Papanga"
"1656","Param"
"1657","Pari"
"1658","parodontax"
"1659","Parte Di Me"
"1660","Pascoe"
"1661","Pat McGrath Labs"
"1662","Patchology"
"1663","Patrizia Pepe"
"1664","Paul Emilien"
"1665","Paul Hewitt"
"1666","Paul's Boutique"
"1667","Payot"
"1668","Pedi Couture"
"1669","Penhaligon's London"
"1670","Pepe Jeans"
"1671","Percy Nobleman"
"1672","Percy & Reed"
"1673","PERFECT IMAGE"
"1674","Perfect Mousse"
"1675","PERIO.AID"
"1676","Perlweiss"
"1677","Perricone MD"
"1678","Perris Monte Carlo"
"1679","Perris Swiss Laboratory"
"1680","Persona"
"1681","Pesavento"
"1682","Pestle & Mortar"
"1683","Peter Thomas Roth"
"1684","Petitfee"
"1685","Pfeilring"
"1686","PHAMETRA"
"1687","Pharma-Biologica"
"1688","Pharma Brutscher"
"1689","Pharma Liebermann"
"1690","Pharma Netzwerk PNW"
"1691","Pharma Nord"
"1692","Pharma Peter"
"1693","PHARMA STULLN"
"1694","Pharmadrog"
"1695","Pharno-Wedropharm"
"1696","Philip B"
"1697","PHILIPP PLEIN"
"1698","PHILPHARMA"
"1699","Phosetamin"
"1700","PHYNE"
"1701","Physicians Formula"
"1702","Physiogel"
"1703","Phytochem Nutrition"
"1704","Picard"
"1705","Picasso"
"1706","PIERRE GUILLAUME"
"1707","Pierre Précieuse"
"1708","PILS"
"1709","Pinch of Colour"
"1710","Pineider"
"1711","Pinky Goat"
"1712","Pino Silvestre"
"1713","PIP Studio"
"1714","Pippa&Jean"
"1715","Piquadro"
"1716","Piroche"
"1717","Pixi"
"1718","pjyrity"
"1719","plaine"
"1720","Plantacon UG Harald Krauß"
"1721","plantoCAPS pharm"
"1722","Plantur"
"1723","Playboy"
"1724","Plevier"
"1725","Plume"
"1726","PoBeau"
"1727","Polaar"
"1728","Polaroid"
"1729","Police"
"1730","POLYPHARM"
"1731","Pommade Divine"
"1732","Poo-Pourri"
"1733","Popband London"
"1734","Popfresh"
"1735","Porsche Design"
"1736","Portafero"
"1737","Prada"
"1738","Precur"
"1739","PreHeels"
"1740","PREMIERE NOTE"
"1741","Presselin"
"1742","Pretty & Fresh"
"1743","Pretty Vulgar"
"1744","Pride and Soul"
"1745","Primavera"
"1746","PRIMUS BEIER &CO."
"1747","Prinzessin Lillifee"
"1748","Priorin"
"1749","Pro Bono Bio"
"1750","Pro Natura"
"1751","pro senior Hubert Vogt"
"1752","PROfertil"
"1753","Profi Line"
"1754","PROFIMED"
"1755","PROFUMI DEL FORTE"
"1756","Profumi di Pantelleria"
"1757","PRORASO"
"1758","Protina Pharmazeutische"
"1759","Prtty Peaushun"
"1760","PUKKA"
"1761","Pulmoll"
"1762","Puma"
"1763","PUPA Milano"
"1764","Pur Hair"
"1765","Pure Elements"
"1766","Pure Skin Food"
"1767","Pureheals"
"1768","puremetics"
"1769","PUREN Pharma"
"1770","PURITO"
"1771","Purobio"
"1772","PURPLE Collagen"
"1773","Pyunkang Yul"
"1774","Qliin"
"1775","QOOQI"
"1776","Quay"
"1777","Quinn"
"1778","Quintessence Naturprodukte"
"1779","Quiris Healthcare"
"1780","Qyo Qyo"
"1781","R.Ö.H. Reform Ölmühle Haiterbach"
"1782","Radico"
"1783","Rafaela Donata"
"1784","Ralph Lauren"
"1785","Ramon Molvizar"
"1786","Ramón Monegal"
"1787","Rancé"
"1788","Rania J."
"1789","ratiopharm"
"1790","Raunsborg"
"1791","RAUSCH"
"1792","Ray-Ban"
"1793","RCO Pharma"
"1794","RE-NATURE"
"1795","Real Techniques"
"1796","Rebasit"
"1797","Rebecca Minkoff"
"1798","Rebel and Rose"
"1799","Recipe for men"
"1800","reculotion"
"1801","Red Cherry"
"1802","Redken"
"1803","Reedley"
"1804","Refigura"
"1805","REGENA NEY COSMETIC Dr. Theurer"
"1806","Regénere3D"
"1807","REGENT"
"1808","Reinhildis-Apotheke"
"1809","ReinPlatz"
"1810","Reisenthel"
"1811","Remington"
"1812","Remitan"
"1813","Ren Clean Skincare"
"1814","RenaCare NEPHROMED"
"1815","Renard"
"1816","René Furterer"
"1817","REPHA Biologische Arzneimittel"
"1818","Replay"
"1819","Resana"
"1820","Resol"
"1821","Restaxil"
"1822","Reuzel"
"1823","Revitalash"
"1824","RevitaSun"
"1825","Revlon"
"1826","Revlon Professional"
"1827","Revolution Skincare"
"1828","Revolution XX"
"1829","Revoten"
"1830","Rexaline"
"1831","Rheinwalt"
"1832","Rhodenwald & Söhne"
"1833","Rhomtuft"
"1834","Richard James"
"1835","Ricola"
"1836","RIEMSER Pharma"
"1837","Rihanna"
"1838","Rino & Pelle"
"1839","RISA"
"1840","RITEX"
"1841","Rituals"
"1842","Riviera"
"1843","Rivoli"
"1844","RMS Beauty"
"1845","Robert Piguet"
"1846","Roberto Cavalli"
"1847","Rochas"
"1848","RÖCK"
"1849","Rodenstock"
"1850","Rodial"
"1851","ROECKL"
"1852","Roger & Gallet"
"1853","Römer-Pharma"
"1854","Roncato"
"1855","Roos & Roos"
"1856","Rosense"
"1857","Rosental Organics"
"1858","ROSS"
"1859","Röwo"
"1860","Royal RepubliQ"
"1861","Rubaxx"
"1862","RUHAKU"
"1863","Ruhrpharm"
"1864","Runika"
"1865","Rush O Lash"
"1866","s.Oliver"
"1867","S.T. Dupont"
"1868","SA.AL & CO"
"1869","Sagella"
"1870","Salewa"
"1871","Saling"
"1872","Sally Hansen"
"1873","Salus"
"1874","SALUS Pharma"
"1875","Salvatore Ferragamo"
"1876","Salviagalen"
"1877","Salzen"
"1878","San Omega"
"1879","Sana Jardin Paris"
"1880","SanaExpert"
"1881","SANATUR"
"1882","Sand & Sky"
"1883","Sandawha"
"1884","SanDermin"
"1885","Sandqvist"
"1886","SanFerin"
"1887","Sanhelios"
"1888","Sanifix"
"1889","SanimaMed"
"1890","SANITAS"
"1891","sanoctua"
"1892","Sanofi-Aventis"
"1893","Sanoflore"
"1894","sanoform"
"1895","Sanoll"
"1896","sanostol"
"1897","Sanova Pharma"
"1898","Sans Soucis"
"1899","Sansibar"
"1900","Santaverde"
"1901","Sante"
"1902","SANUM-KEHLBECK"
"1903","Sanzi Beauty"
"1904","Saponificio Varesino"
"1905","Sarah Chapman"
"1906","sassa"
"1907","Sassoon"
"1908","Sativa"
"1909","SAVE BRAVE"
"1910","Savont"
"1911","SAXONIA PHARMA"
"1912","SBT cell identical care"
"1913","Schäfer Pharma"
"1914","Schmuddelwedda"
"1915","Scholl"
"1916","Schönenberger"
"1917","SCHUPP"
"1918","Schwarzkopf Professional"
"1919","Schwarzwald"
"1920","Scooter"
"1921","Scotch & Soda"
"1922","Scottish Fine Soaps"
"1923","SEB MAN"
"1924","sebamed"
"1925","Sebastian"
"1926","Seche"
"1927","SecWal"
"1928","SEDinfant"
"1929","Seidenfelt"
"1930","Seiko"
"1931","Selahatin"
"1932","Selected Jewels"
"1933","Selective Professional"
"1934","Sem Lewis"
"1935","sen7"
"1936","Sence Copenhagen"
"1937","SENSAI"
"1938","Sensena"
"1939","Sensisana"
"1940","Sensodyne"
"1941","SENSORI+"
"1942","Sepai"
"1943","Serge Lutens"
"1944","SeventyOne Percent"
"1945","Sevinorm"
"1946","Seviperna"
"1947","sexy hair"
"1948","SHAKEUP COSMETICS"
"1949","Shampooheads"
"1950","Shan Rahimkhan"
"1951","SHANGHAI TANG"
"1952","Shaveworks"
"1953","Shirin David"
"1954","Shiseido"
"1955","Show Beauty"
"1956","Shu Uemura"
"1957","Shuyao"
"1958","Shyne"
"1959","Sidroga"
"1960","Sif Jakobs Jewellery"
"1961","Sigma"
"1962","Silcare"
"1963","Silinova"
"1964","Silisponge"
"1965","Simimi"
"1966","Simple Goods"
"1967","SINNER"
"1968","SinoPlaSan"
"1969","Sio Beauty"
"1970","Sisley"
"1971","Själ"
"1972","Skagen"
"1973","Skechers"
"1974","SKIN GYM"
"1975","Skin Stories"
"1976","SkinCeuticals"
"1977","skinChemists"
"1978","SKINFOOD"
"1979","Skinny Tan"
"1980","SKINthings"
"1981","Skipper & Son"
"1982","Skyn Iceland"
"1983","Sleek"
"1984","sleep.ink"
"1985","Slip"
"1986","Smart Jewel"
"1987","Smashbox"
"1988","Smile Makers"
"1989","SNIP A MAN"
"1990","Snoooze"
"1991","Soap & Glory"
"1992","Sober"
"1993","Sodasan"
"1994","Sol de Janeiro"
"1995","SOL N°ONE"
"1996","Soleil Toujours"
"1997","Solling Naturkosmetik"
"1998","Sonett"
"1999","SONNENMOOR"
"2000","Sophie’s Universe"
"2001","Sorion"
"2002","SOS"
"2003","Soul Club"
"2004","Soulproducts"
"2005","Soummé"
"2006","Soventol"
"2007","Spavivent"
"2008","Spears & Walker"
"2009","Speick Naturkosmetik"
"2010","Spikes & Sparrow"
"2011","Spilanthox"
"2012","Spinnrad"
"2013","Spitzner"
"2014","Splisstrimmer"
"2015","SPPC Paris Bleu Parfums"
"2016","Sprekenhus"
"2017","Spyra"
"2018","St. Johanser Naturmittelvertrieb"
"2019","St.Tropez"
"2020","STADA Consumer Health"
"2021","Starck"
"2022","STARSKIN ®"
"2023","Steelmaster"
"2024","Steierl-Pharma"
"2025","Stella Copenhagen"
"2026","Stella Maris"
"2027","Stendhal"
"2028","Stephane Humbert Lucas"
"2029","STERNGLAS"
"2030","STERNHOFF"
"2031","Sterzinger"
"2032","Stetson"
"2033","STOP THE WATER WHILE USING ME!"
"2034","Strassmann"
"2035","Strath-Labor"
"2036","Stratic"
"2037","Strellson"
"2038","Strenesse"
"2039","StriVectin"
"2040","STRONG fitness cosmetics"
"2041","Structure"
"2042","Studio Botanic"
"2043","Stuff Maker"
"2044","Styledry"
"2045","Styx"
"2046","Suavecito"
"2047","Sue Wong"
"2048","Suitsuit"
"2049","Summavit"
"2050","Suncoat"
"2051","Suncoat Girl"
"2052","Suntribe"
"2053","SuperDry"
"2054","Supplementa Corporation"
"2055","Supradyn® "
"2056","Suri Frey"
"2057","Swak"
"2058","Swati"
"2059","Sweed"
"2060","SWISS MILITARY HANOWA"
"2061","Swiss Smile"
"2062","Swissdent"
"2063","Syd Hayes"
"2064","SymbioPharm"
"2065","Synomed"
"2066","syoss"
"2067","SYS"
"2068","Syxyl"
"2069","sz saubere-zaehne"
"2070","T3"
"2071","Tabac"
"2072","Takabath"
"2073","TALK!"
"2074","Tamaris"
"2075","Tan-Luxe"
"2076","Tana"
"2077","Tandex"
"2078","Tangle Teezer"
"2079","Taoasis"
"2080","TAOASIS Natur Duft Manufaktur"
"2081","Taschendieb Wien"
"2082","TattooMed"
"2083","Tausend Silber"
"2084","Tautropfen"
"2085","Taxofit"
"2086","Taylor of Old Bond Street"
"2087","Teaology"
"2088","Ted Baker"
"2089","TEND SKIN"
"2090","Tentan"
"2091","Téo Cabanel"
"2092","TePe D-A-CH"
"2093","Teresa Tarmey"
"2094","Terra Mundo"
"2095","Terrazym"
"2096","Terrorists Of Beauty"
"2097","TESTAmed"
"2098","Tetesept"
"2099","Tetrobreath"
"2100","Thäter"
"2101","The A Club"
"2102","The Beauty Project"
"2103","The Bluebeards Revenge"
"2104","The Bridge"
"2105","The Browgal"
"2106","The Chemistry Brand"
"2107","The Chesterfield Brand"
"2108","THE GIFT LABEL"
"2109","The Great British Grooming Co."
"2110","The Gruff Stuff"
"2111","The Hairoine Company"
"2112","The Handmade Soap"
"2113","the honeybee"
"2114","THE HOUSE OF OUD"
"2115","The Laundress"
"2116","THE MERCHANT OF VENICE"
"2117","The North Face"
"2118","The Nutri Store"
"2119","The Ohm Collection"
"2120","The Ordinary"
"2121","The original beautyblender"
"2122","The Original Makeup Eraser"
"2123","The Perfect V"
"2124","The Plant Base"
"2125","The SIGN Tribe"
"2126","Thea Pharma"
"2127","theBalm"
"2128","TheraCare"
"2129","Therazym"
"2130","This Works"
"2131","Thomas Sabo"
"2132","Thule"
"2133","TI SENTO - Milano"
"2134","Tierra Verde"
"2135","Tiffany & Co."
"2136","tigha"
"2137","TIGI"
"2138","Timberland"
"2139","timeblock ®"
"2140","Tio"
"2141","Titan"
"2142","Tiziana Terenzi"
"2143","TNT"
"2144","Tods"
"2145","Tom Daxon"
"2146","Tom Ford"
"2147","Tom Tailor"
"2148","Tommy Hilfiger"
"2149","tomorrowlabs"
"2150","Tondeo"
"2151","Toni Gard"
"2152","Tonino Lamborghini"
"2153","Tonymoly"
"2154","Too Faced"
"2155","TÖPFER"
"2156","Tosca"
"2157","TOSH"
"2158","Toun28"
"2159","Tozaime"
"2160","Transformulas"
"2161","Traumschlaf"
"2162","Travel Pal"
"2163","Travelite"
"2164","TRB Chemedica"
"2165","Tree Hut"
"2166","Tresor 1934"
"2167","Tria"
"2168","Trilogy"
"2169","Triumph & Disaster"
"2170","Trocadero"
"2171","Tromcardin"
"2172","Trommsdorff"
"2173","True North"
"2174","True Rebels"
"2175","TRUEFITT & HILL"
"2176","Trussardi"
"2177","Tuttotondo"
"2178","Tweezerman"
"2179","twosmile"
"2180","TZMO"
"2181","U.S. Polo Assn."
"2182","Ucon Acrobatics"
"2183","Udo Walz"
"2184","Uebe Medical"
"2185","UÈRMÌ"
"2186","UGG"
"2187","UK-Naturprodukte Ute Keil"
"2188","Ulrich Lang New York"
"2189","Ultradex"
"2190","Uma Oils"
"2191","Und Gretel"
"2192","Une Nuit Nomade"
"2193","Unicorn"
"2194","Unique Beauty"
"2195","Uniselen"
"2196","Unizink"
"2197","Unser Original"
"2198","UNUM"
"2199","UpCircle"
"2200","UPPERCUT DELUXE"
"2201","URANG"
"2202","Urban Apothecary"
"2203","Urban Decay"
"2204","Urgo"
"2205","URSAPHARM Arzneimittel"
"2206","Urtekram"
"2207","usha"
"2208","usha BLACK LABEL"
"2209","usha BLUE LABEL"
"2210","usha FESTIVAL"
"2211","usha WHITE LABEL"
"2212","V CANTO"
"2213","VAAY"
"2214","Vademecum"
"2215","Vagisan"
"2216","Valentino"
"2217","Valentino by Mario Valentino"
"2218","Valera"
"2219","Valero Pearls"
"2220","Valion"
"2221","Valloloko"
"2222","Van Cleef & Arpels"
"2223","Van Maar"
"2224","Vanatari"
"2225","VANDINI"
"2226","VeeCollective"
"2227","Veg-Up"
"2228","Vel Pharma"
"2229","Velds"
"2230","Venezia 1920"
"2231","Vera Mona"
"2232","Vera Wang"
"2233","Verla-Pharm Arzneimittel"
"2234","Veroval"
"2235","Versace"
"2236","Versailles"
"2237","Vetia Floris"
"2238","Vetia Mare"
"2239","Via Nova Naturprodukte"
"2240","Vichy"
"2241","Victoria's Secret"
"2242","Victorinox"
"2243","vidisan"
"2244","Vie Halal"
"2245","Vie-Long S.L."
"2246","Vigantolvit"
"2247","Viktor&Rolf"
"2248","Vilhelm Parfumerie"
"2249","viliv"
"2250","Villa d'Assia"
"2251","Villa Lodola"
"2252","Village"
"2253","Violet Hamden"
"2254","Virtue"
"2255","Viscontour"
"2256","VITA-HORM R.Scherek"
"2257","Vita Liberata"
"2258","Vita World"
"2259","Vitagamma"
"2260","Vitamaze"
"2261","Vitasprint"
"2262","Vitazell"
"2263","vitis"
"2264","vitOrgan Arzneimittel"
"2265","vivivit"
"2266","Vleder BAG"
"2267","VMV Hypoallergenics"
"2268","Voi"
"2269","VOLNAY"
"2270","Volume Hair"
"2271","VOLUSPA"
"2272","Vossen"
"2273","Votary"
"2274","Voyanics"
"2275","W7"
"2276","WALA Heilmittel"
"2277","Walberg"
"2278","Walter Kaufmann Nachf."
"2279","Wander Beauty"
"2280","War Paint."
"2281","Warnke Vitalstoffe"
"2282","Waschies"
"2283","Water & Salt"
"2284","WE ARE PARADOXX"
"2285","We love the planet"
"2286","Web"
"2287","WEDO/ PROFESSIONAL"
"2288","Weko-Pharma"
"2289","Weleda"
"2290","Wella Professionals"
"2291","Wenger"
"2292","WEPA Apothekenbedarf"
"2293","Werner Schmidt Pharma"
"2294","Wet Brush"
"2295","wet n wild"
"2296","WH Pharmawerk Weinböhla"
"2297","WHAMISA"
"2298","Whitesensation"
"2299","WICK"
"2300","Wiedemann Pharma"
"2301","Wierich"
"2302","WILCO"
"2303","WILDWUCHS"
"2304","WILHELM WEHMANN"
"2305","Wilkinson"
"2306","Windrose"
"2307","WINKY LUX"
"2308","WLDOHO"
"2309","Wobenzym"
"2310","Wolf Project"
"2311","Womanizer"
"2312","Woody's"
"2313","Wörishofener Kräuterhaus Dr. Pfeifer"
"2314","Wörw Pharma"
"2315","Wouf"
"2316","Wunder2"
"2317","XD Design"
"2318","XENOFIT"
"2319","xeros"
"2320","XLASH COSMETICS"
"2321","Xlim"
"2322","XTFC"
"2323","Y Not"
"2324","Yakushi"
"2325","YARD ETC"
"2326","Ylumi"
"2327","Yokebe"
"2328","Yope"
"2329","You by Tokarska"
"2330","youstar"
"2331","YOUTHSHOTS by Dr. Fach"
"2332","YÙ BEAUTY"
"2333","Yverum"
"2334","Yves de Sistelle"
"2335","Yves Saint Laurent"
"2336","Zadig&Voltaire"
"2337","ZAO"
"2338","Zaphyr"
"2339","Zarkoperfume"
"2340","Zein Pharma"
"2341","Zelens"
"2342","Zendium"
"2343","Zentramin"
"2344","Zero Halliburton"
"2345","ZeroMoleCole"
"2346","Zew for men"
"2347","Zilli"
"2348","Zimmer Biomet"
"2349","ZINZI"
"2350","Zirkulin"
"2351","Zoccai"
"2352","ZOEVA"
"2353","ZOJO"
"2354","ZWILLING ®"
"2355","Zwyer Caviar"
"2356","âme pure"
"2357","Ätheria"
"2358","Évolué"
"2359","ê Shave"
